[
	{
		"extensions": ["js"],
		"type": "JavaScript",
		"thumbnail": "extension/javascript.svg"
	},
	{
		"extensions": ["ts"],
		"type": "TypeScript",
		"thumbnail": "extension/typescript.svg"
	},
	{
		"extensions": ["html", "htm", "xhtml", "html_vm", "asp"],
		"type": "HyperText Markup Language",
		"thumbnail": "extension/html.svg"
	},
	{
		"extensions": ["pdf"],
		"type": "Portable Document Format",
		"thumbnail": "extension/pdf.svg"
	},
	{
		"extensions": ["doc", "docb", "docm", "dot", "dotm", "docx", "rtf"],
		"type": "Word Document",
		"thumbnail": "extension/word.svg"
	},
	{
		"extensions": ["xlsx", "xls", "xlsb", "xls", "ods", "fods", "csv"],
		"type": "Excel Document",
		"thumbnail": "extension/excel.svg"
	},
	{
		"extensions": ["pot", "potm", "potx", "ppam", "pps", "ppsm", "ppsx", "ppt", "pptn", "pptx"],
		"type": "Powerpoint Document",
		"thumbnail": "extension/powerpoint.svg"
	},
	{
		"extensions": ["7z", "brotli", "bzip2", "gz", "gzip", "rar", "tgz", "xz", "zip"],
		"type": "Archive",
		"thumbnail": "extension/zip.svg"
	},
	{
		"extensions": ["accdb", "db", "db3", "mdb", "pdb", "pgsql", "pkb", "pks", "postgres", "psql", "sql", "sqlite", "sqlite3"],
		"type": "Database",
		"thumbnail": "extension/database.svg"
	},
	{
		"extensions": ["bat"],
		"type": "Batch",
		"thumbnail": "extension/bat.svg"
	},
	{
		"extensions": ["exe"],
		"type": "Executable",
		"thumbnail": "extension/exe.svg"
	},
	{
		"extensions": ["cc", "cpp", "cxx", "c++", "cp", "mm", "mii", "ii"],
		"type": "C++ Program",
		"thumbnail": "extension/cpp.svg"
	},
	{
		"extensions": ["c"],
		"type": "C Program",
		"thumbnail": "extension/c.svg"
	},
	{
		"extensions": ["h"],
		"type": "C Header File",
		"thumbnail": "extension/h.svg"
	},
	{
		"extensions": ["py", "py3"],
		"type": "Python Program",
		"thumbnail": "extension/python.svg"
	},
	{
		"extensions": ["pyc", "pylintrc", "python-version"],
		"type": "Python Program",
		"thumbnail": "extension/python-misc.svg"
	},
	{
		"extensions": ["txt"],
		"type": "Text Document",
		"thumbnail": "extension/txt.svg"
	},
	{
		"extensions": ["jpg", "png", "gif", "bmp", "jpeg", "jpe", "jif", "jfif", "jfi", "webp", "tiff", "tif", "ico", "svg", "webp"],
		"type": "Image",
		"thumbnail": "extension/image.svg"
	},
	{
		"extensions": ["mp4", "webm", "mpg", "mp2", "mpeg", "mpe", "mpv", "ocg", "m4p", "m4v", "avi", "wmv", "mov", "qt", "flv", "swf"],
		"type": "Video",
		"thumbnail": "extension/video.svg"
	},
	{
		"extensions": ["mp3", "ogg", "ogm", "wav"],
		"type": "Audio",
		"thumbnail": "extension/audio.svg"
	},
	{
		"extensions": ["sketch"],
		"type": "Sketch",
		"thumbnail": "extension/sketch.svg"
	},
	{
		"extensions": ["deb", "msi", "snap"],
		"type": "Installer",
		"thumbnail": "extension/exe.svg"
	},
	{
		"extensions": ["iso", "dmg"],
		"type": "Disk Image File",
		"thumbnail": "extension/disc.svg"
	},
	{
		"extensions": ["dockerfile", "dockerignore"],
		"fileNames": [
			"dockerfile",
			"dockerfile.prod",
			"dockerfile.production",
			"dockerfile.alpha",
			"dockerfile.beta",
			"dockerfile.stage",
			"dockerfile.staging",
			"dockerfile.dev",
			"dockerfile.development",
			"dockerfile.local",
			"dockerfile.test",
			"dockerfile.testing",
			"dockerfile.ci",
			"dockerfile.web",
			"dockerfile.worker",
			"docker-compose.yml",
			"docker-compose.override.yml",
			"docker-compose.prod.yml",
			"docker-compose.production.yml",
			"docker-compose.alpha.yml",
			"docker-compose.beta.yml",
			"docker-compose.stage.yml",
			"docker-compose.staging.yml",
			"docker-compose.dev.yml",
			"docker-compose.development.yml",
			"docker-compose.local.yml",
			"docker-compose.test.yml",
			"docker-compose.testing.yml",
			"docker-compose.ci.yml",
			"docker-compose.web.yml",
			"docker-compose.worker.yml",
			"docker-compose.yaml",
			"docker-compose.override.yaml",
			"docker-compose.prod.yaml",
			"docker-compose.production.yaml",
			"docker-compose.alpha.yaml",
			"docker-compose.beta.yaml",
			"docker-compose.stage.yaml",
			"docker-compose.staging.yaml",
			"docker-compose.dev.yaml",
			"docker-compose.development.yaml",
			"docker-compose.local.yaml",
			"docker-compose.test.yaml",
			"docker-compose.testing.yaml",
			"docker-compose.ci.yaml",
			"docker-compose.web.yaml",
			"docker-compose.worker.yaml"
		],
		"type": "Docker Image",
		"thumbnail": "extension/docker.svg"
	},
	{
		"extensions": ["md", "markdown", "rst"],
		"type": "Markdown",
		"thumbnail": "extension/markdown.svg"
	},
	{
		"extensions": ["json", "tsbuildinfo", "json5", "jsonl", "ndjson"],
		"type": "JavaScript Object Notation",
		"thumbnail": "extension/json.svg"
	},
	{
		"type": "Git",
		"fileNames": [".gitignore", ".gitignore_global", ".gitconfig", ".gitattributes", ".gitmodules", ".gitkeep", "git-history"],
		"thumbnail": "extension/git.svg"
	},
	{
		"extensions": ["yml", "yaml"],
		"type": "Yet Anoter Markup Language",
		"thumbnail": "extension/yaml.svg"
	},
	{
		"fileNames": [".prettierignore", ".prettierrc.json"],
		"type": "Prettier configuration file",
		"thumbnail": "extension/prettier.svg"
	},
	{
		"fileNames": ["binding.gyp"],
		"type": "Node JS C++ Binding",
		"thumbnail": "extension/python.svg"
	},
	{
		"fileNames": ["LICENSE", "LICENSE.md", "LICENSE.txt"],
		"type": "License",
		"thumbnail": "extension/certificate.svg"
	},
	{
		"fileNames": [
			"copying",
			"copying.md",
			"copying.txt",
			"copyright",
			"copyright.txt",
			"copyright.md",
			"license",
			"license.md",
			"license.txt",
			"licence",
			"licence.md",
			"licence.txt"
		],
		"extensions": ["cer", "cert", "crt"],
		"type": "Certificate",
		"thumbnail": "extension/certificate.svg"
	},
	{
		"extensions": [
			"ini",
			"dlc",
			"dll",
			"config",
			"conf",
			"properties",
			"prop",
			"settings",
			"option",
			"props",
			"toml",
			"prefs",
			"sln.dotsettings",
			"sln.dotsettings.user",
			"cfg"
		],
		"fileNames": [".jshintignore", ".buildignore", ".mrconfig", ".yardopts", "manifest.mf", ".clang-format", ".clang-tidy"],
		"type": "Settings",
		"thumbnail": "extension/settings.svg"
	},
	{
		"type": "Visual Studio",
		"extensions": ["csproj", "ruleset", "sln", "suo", "vb", "vbs", "vcxitems", "vcxitems.filters", "vcxproj", "vcxproj.filters"],
		"thumbnail": "extension/visualstudio.svg"
	},
	{
		"extensions": ["go"],
		"type": "Go Program",
		"thumbnail": "extension/go.svg"
	},
	{
		"extensions": ["dart"],
		"type": "Dart Program",
		"thumbnail": "extension/dart.svg"
	},
	{
		"extensions": ["java", "jsp"],
		"type": "Java Program",
		"thumbnail": "extension/java.svg"
	},
	{
		"extensions": ["jsx"],
		"type": "React Program",
		"thumbnail": "extension/react.svg"
	},
	{
		"extensions": ["tsx"],
		"type": "Typescript React Program",
		"thumbnail": "extension/react_ts.svg"
	},
	{
		"extensions": ["psd"],
		"type": "Photoshop",
		"thumbnail": "extension/psd.svg"
	},
	{
		"type": "Yarn Package Manager",
		"fileNames": [".yarnrc", "yarn.lock", ".yarnclean", ".yarn-integrity", "yarn-error.log", ".yarnrc.yml", ".yarnrc.yaml"],
		"thumbnail": "extension/yarn.svg"
	},
	{
		"extensions": ["lnk"],
		"type": "Windows Shortcut",
		"thumbnail": "extension/lnk.svg"
	},
	{
		"extensions": ["xtension"],
		"type": "Xplorer's extension",
		"thumbnail": "extension/xplorer.svg"
	}
]
